-- SQLite 도서 대여 데이터베이스 샘플 데이터
-- 이 파일은 schema.sql 실행 후 실행해야 합니다.
-- FK 관계가 있으므로 부모 테이블(category, member, book)을 먼저 넣고 rental을 마지막에 넣습니다.

PRAGMA foreign_keys = ON;

-- category 테이블 샘플 데이터 10행
INSERT INTO category (id, name, description, created_at) VALUES
(1, '문학', '소설, 시, 에세이 등 문학 도서', '2026-01-01'),
(2, '역사', '한국사와 세계사 도서', '2026-01-01'),
(3, '과학', '자연과학과 교양 과학 도서', '2026-01-01'),
(4, '기술', '프로그래밍과 IT 기술 도서', '2026-01-01'),
(5, '경제', '경제, 투자, 경영 도서', '2026-01-01'),
(6, '예술', '미술, 음악, 디자인 도서', '2026-01-01'),
(7, '철학', '철학과 사상 도서', '2026-01-01'),
(8, '여행', '국내외 여행 가이드 도서', '2026-01-01'),
(9, '어린이', '어린이와 청소년 도서', '2026-01-01'),
(10, '자기계발', '습관, 학습, 커리어 도서', '2026-01-01');

-- member 테이블 샘플 데이터 10행
INSERT INTO member (id, name, email, phone, joined_at, status) VALUES
(1, '김민준', 'minjun.kim@example.com', '010-1000-0001', '2026-01-03', 'ACTIVE'),
(2, '이서연', 'seoyeon.lee@example.com', '010-1000-0002', '2026-01-05', 'ACTIVE'),
(3, '박지호', 'jiho.park@example.com', '010-1000-0003', '2026-01-07', 'ACTIVE'),
(4, '최하은', 'haeun.choi@example.com', '010-1000-0004', '2026-01-09', 'ACTIVE'),
(5, '정도윤', 'doyoon.jung@example.com', '010-1000-0005', '2026-01-11', 'SUSPENDED'),
(6, '강수아', 'sua.kang@example.com', '010-1000-0006', '2026-01-13', 'ACTIVE'),
(7, '윤지우', 'jiwoo.yoon@example.com', '010-1000-0007', '2026-01-15', 'ACTIVE'),
(8, '장현우', 'hyunwoo.jang@example.com', '010-1000-0008', '2026-01-17', 'ACTIVE'),
(9, '임나연', 'nayeon.lim@example.com', '010-1000-0009', '2026-01-19', 'ACTIVE'),
(10, '오준서', 'junseo.oh@example.com', '010-1000-0010', '2026-01-21', 'ACTIVE');

-- book 테이블 샘플 데이터 10행
INSERT INTO book (id, category_id, title, author, publisher, published_year, isbn, total_copies, available_copies) VALUES
(1, 1, '달빛 아래 첫 문장', '한유진', '새봄출판', 2021, '978-89-0001-0001-1', 5, 3),
(2, 1, '도시의 작은 편지들', '문서우', '푸른책방', 2019, '978-89-0001-0002-8', 4, 2),
(3, 2, '처음 읽는 한국사', '김도현', '역사나무', 2020, '978-89-0001-0003-5', 3, 2),
(4, 3, '별과 원자의 이야기', '이하늘', '사이언스북', 2022, '978-89-0001-0004-2', 6, 4),
(5, 4, 'SQL 첫걸음 실습편', '박코딩', '테크프레스', 2024, '978-89-0001-0005-9', 7, 3),
(6, 4, '웹 개발 기본기', '최개발', '코드하우스', 2023, '978-89-0001-0006-6', 5, 4),
(7, 5, '작은 가게의 경제학', '정가람', '머니로드', 2018, '978-89-0001-0007-3', 4, 3),
(8, 6, '하루 한 장 미술관', '오그림', '아트북스', 2021, '978-89-0001-0008-0', 3, 3),
(9, 8, '주말 제주 산책', '강여행', '길벗여행', 2020, '978-89-0001-0009-7', 5, 4),
(10, 10, '꾸준함을 만드는 습관', '윤성장', '라이프랩', 2022, '978-89-0001-0010-3', 6, 5);

-- rental 테이블 샘플 데이터 12행
-- 같은 회원이나 같은 책이 여러 번 등장하므로 1:N 관계를 확인하기 좋습니다.
INSERT INTO rental (id, member_id, book_id, rented_at, due_at, returned_at, status) VALUES
(1, 1, 5, '2026-02-01', '2026-02-15', '2026-02-12', 'RETURNED'),
(2, 2, 1, '2026-02-03', '2026-02-17', NULL, 'BORROWED'),
(3, 3, 4, '2026-02-05', '2026-02-19', '2026-02-18', 'RETURNED'),
(4, 1, 6, '2026-02-10', '2026-02-24', NULL, 'BORROWED'),
(5, 4, 2, '2026-02-11', '2026-02-25', NULL, 'OVERDUE'),
(6, 6, 5, '2026-02-13', '2026-02-27', '2026-02-25', 'RETURNED'),
(7, 7, 3, '2026-02-14', '2026-02-28', NULL, 'BORROWED'),
(8, 8, 10, '2026-02-16', '2026-03-02', '2026-03-01', 'RETURNED'),
(9, 2, 9, '2026-02-18', '2026-03-04', NULL, 'BORROWED'),
(10, 9, 7, '2026-02-20', '2026-03-06', NULL, 'BORROWED'),
(11, 3, 5, '2026-02-22', '2026-03-08', NULL, 'BORROWED'),
(12, 6, 1, '2026-02-23', '2026-03-09', NULL, 'OVERDUE');
